N,blockSize,threads,T_serial_s,T_simple_s,Speedup_simple,Efficiency_simple,T_blocked_s,Speedup_blocked,Efficiency_blocked
512,64,1,0.0881450,0.0747581,1.17907,1.17907,0.0634911,1.38831,1.38831
512,64,2,0.0890299,0.0636595,1.39853,0.699266,0.0562067,1.58397,0.791986
512,64,4,0.0866370,0.0433025,2.00074,0.500185,0.0222819,3.88823,0.972056
512,64,8,0.1051430,0.0220952,4.75862,0.594828,0.0113946,9.22739,1.15342
