N,T_cpu_ms,T_gpu_ms,Speedup,max_err
4096,290.288,0.019,14920.253,0.235137
8192,1131.873,0.024,48058.456,2.258149
16384,4515.181,0.026,176374.247,6.229689
