N,threshold,threads,T_serial_s,T_parallel_s,Speedup_Sp,Efficiency_Ep
1000000,20000,1,0.109677,0.107186,1.02324,1.02324
1000000,20000,2,0.131053,0.0838009,1.56386,0.781932
1000000,20000,4,0.114907,0.0817402,1.40576,0.351441
1000000,20000,8,0.107508,0.0772478,1.39172,0.173966
